id;name;description;creation_date
1;capacity pixel Baby;Comoro Franc Supervisor;2019-12-27T10:44:35
2;input;Usability Illinois;2019-12-27T21:20:57
3;complexity;Implementation Shoes Metal;2019-12-27T20:03:28
4;bus Gloves;Licensed Hong Kong action-items;2019-12-27T13:36:48
5;overriding;Sierra Leone object-oriented parse;2019-12-27T20:56:28
6;navigate;migration;2019-12-27T11:54:41
7;Tasty Frozen Bike platforms;Bedfordshire;2019-12-27T07:22:28
8;Engineer;deposit Handcrafted Steel Cheese;2019-12-27T20:39:48
9;Iowa;Chicken;2019-12-27T08:43:06
10;RSS;leverage Graphical User Interface bi-directional;2019-12-27T04:21:37
